target_dim,ijk,kendall,residual variance,globalh0,globalh1
2,0.027800000000000047,-0.9236005644717312,0.01658744473449003,130.49635228751268,39.23807770808014
