target_dim,ijk,kendall,residual variance,globalh0,globalh1
2,0.07620000000000005,-0.8431649770803924,0.08192796997276153,233.0946338643527,47.23570752735227
