target_dim,ijk,kendall,residual variance,globalh0,globalh1
2,0.019299999999999984,-0.9638796007269305,0.002832089088818379,5.587611191079002,5.600861759820129
