target_dim,ijk,kendall,residual variance,globalh0,globalh1
3,0.05610000000000004,-0.8931624300933247,0.02854747045142192,7.5618367242186055,24.396120993206363
