target_dim,ijk,kendall,residual variance,globalh0,globalh1
2,0.0756,-0.8431649770803924,0.08192796997276153,229.7396778790197,49.886436679688465
