target_dim,ijk,kendall,residual variance,globalh0,globalh1
2,0.027699999999999947,-0.9236005644717312,0.016587444734489587,128.20534552052695,39.70899752795278
