target_dim,ijk,kendall,residual variance,globalh0,globalh1
2,0.01749999999999996,-0.9596386803384115,0.003780519832674578,6.543503359674254,4.4848400685016125
