target_dim,ijk,kendall,residual variance,globalh0,globalh1
3,0.05249999999999999,-0.8931624300933247,0.02854747045142214,9.00853774689391,25.331782487116744
